{"137pGPOJGAGq7B+YZiDpyA==":"aconcagua%20traumstern-8-1890x1260.jpg","Hbu5xXhlGut1s+Y3HVnEww==":"aconcagua%20traumstern-8-1890x1260.jpg","CcZwes8MD+yt837mGjtHrA==":"1-1068x1600.jpg","br0qF9aCCpts1/3wvmXhUg==":"aconcagua-4x-1654x1103.jpg","rWcdvYibmJK5SMXvgubiiQ==":"rebelion%20kino%20traumstern%20018-2000x2988.jpg","53P8p75EQ15e6rLC/y9zEg==":"aconcagua%20traumstern-7-1890x1260.jpg","um2K1e9jiIJQZ0ux2Y2aFw==":"160715-staufenberg%206-2000x1333.jpg","qzrpIHV5CHsRjHnibEbYQg==":"aconcagua-5x-1654x1103.jpg","y5rHzCRKxNfhHmZkQodlLA==":"gig%20rene%20final-21-2000x1336.jpg","9NrGX0AVLFPOxXMnRMi33w==":"gig%20rene%20final-9-2000x1336.jpg","V6xhzna3/jGw9KeB9NvRVA==":"reb2-5-666x1000.jpg","g+eKELBjKKnTHEmZRwwp0Q==":"gig%20rene%20final-6-2000x1336.jpg","BAn1gk0dyuFWnPRoElTwwQ==":"gig%20rene%20final-6-2000x1336.jpg","iyC+JhJj8NpzzcL4RFWZuw==":"reb2-6-666x1000.jpg","eow7bpzrFo5ONMzTROFaHg==":"aconcagua%20traumstern-8-1890x1260.jpg","dUWCg0FFIn25CVGRaFKF2A==":"schriftzug-2000x437.png","DrU6IWGFG6ugUC84OiyUkw==":"schriftzug-1-2000x437.png","La7cWtdzFkxcN7FFPNnpIQ==":"aconcagua%20traumstern-8-1890x1260.jpg","6R3umMdPDU9W+CP8kNWnHQ==":"aconcagua%20traumstern-8-1890x1260.jpg","iZ6mJXFx5qTg/vsIikorRQ==":"trumpet-122x56.png","HqdAy+FveeSTOGc3JirV/g==":"6-1600x992.jpg","81EMDImbjE1K5ePzfiXXEg==":"aconcagua%20traumstern-8-1014x676.jpg","96AywXOGQ7d+PoYCln93fg==":"aconcagua%20traumstern-3-1014x472.jpg","QvzCnqN9O8XRPQ2DVUwYOQ==":"8-1680x1120.jpg","IuqiRWrmVmuL4Uze9AYjwA==":"trumpet-122x57.png","BO6WHdn/Rd9M/hLbqO21Og==":"9-1900x1086.jpg","BkTWDPHmWxCF0lIlapDFFw==":"rene%20wetzlar%20delta3200-4-1092x729.jpg","yJZBG7TUIgiWa29oJSuo9w==":"rene%20wetzlar%20delta3200-2-2000x2997.jpg","MJ7kzf+50akRb16JiJXW9Q==":"rene%20wetzlar%20tri-x-9-2000x2997.jpg","T1bxmTkAQU+Hq3s+bvjagA==":"rene%20wetzlar%20tri-x-6-2000x1335.jpg","Is6UD/wrPg++wNhGhj1MeQ==":"6-1-1600x992.jpg","PX2M5dQN0DxfbZLOwrdoEA==":"6-2-1600x992.jpg","N32RXsLuWCKoJvvTcH+nwQ==":"8-1-1680x1120.jpg","wbTsc7yyTuHwKe7gQ4WehA==":"acon-cd-436x436.jpg","tjCS99EnEebxxtZ4gdn/YQ==":"image157-2000x1500.jpg","0sTs/tZaU6bD9TAvmnGDMg==":"1-1680x1120.jpg","y/PqM1THPh1THEzTYgj2Zg==":"gig%20rene%20final-53-2000x2994.jpg","Mu6tr9o1erwtkM+IfgdUZg==":"rene%20wetzlar%20delta3200-2000x1335.jpg","H/WeA4HvdxK7KMaRsOF9bA==":"gig%20rene%20final-54-2000x1336.jpg","ampl+BrdEm2JcqZHf2D6xw==":"5-1600x1066.jpg","2k3eroXE4T3R6OxN99hEfg==":"trumpet-192x89.png","aU6oa6ePIIBh7Z4fb/qOPg==":"aconcagua-8-1654x1103.jpg","aIBLc439BOkGeK8nRIVJSQ==":"gig%20rene%20final-11-2000x1336.jpg","XyspQ6640uavU65epWIJFA==":"5-1-1600x1066.jpg","6Va29M3ojeP40uzZ/TMfTQ==":"aconcagua%20traumstern-8-1890x1260.jpg","7l7/EvkZdifhXeRiCIdh+g==":"aconcagua%20traumstern-8-1890x1260.jpg","pzGX6MVKRMMwRIemciKezA==":"aconcagua%20traumstern-8-1890x1260.jpg","CPSysw5BAXxIqfWi2azqsQ==":"aconcagua%20traumstern-8-1890x1260.jpg","oaejEWmssILbEIrFK4Z/Ug==":"aconcagua%20traumstern-8-1890x1260.jpg","QsGJCOhe8JpcmnbuaqZ5xg==":"aconcagua%20traumstern-8-1890x1260.png","MG3HPfSBLsiQaOVFMeR3jg==":"reb2-7-666x1000.jpg","kx8hor/ALM8C8ojep/upsg==":"reb2-8-666x1000.jpg","Z3iHef3idlWCf+gSQBop4A==":"stageplan-676x451.png","432ib9J9oXTM9wNqMhYwfA==":"stageplan-2-676x477.png","+mqDa6ObE0YHr3R9IGMH0Q==":"aconcagua%20traumstern-8-676x451.png","XP/0BvIxK/+saqNT2qHZaA==":"stageplan-812x542.png","whVVaFC+oo+HrWB9rme22g==":"stageplan-2-914x645.png","hH65Q0MesKX5BlTKia1ccA==":"aconcagua%20traumstern-8-1890x1260.jpg","qcEVkRcfrCrjmEqqxz8OYA==":"aconcagua%20dina3%20300dpi%208bit-2000x1414.jpg","Mu/vd9yxf5N5gTEdP3bpxQ==":"8-2-1680x1120.jpg","xebBU+vnrlk1jWoMuJMAvA==":"9-1-1900x1086.jpg","yIY/SOlZwa0ngvCx7pFVzQ==":"4-2000x1500.jpg","HuYx7ZDKRlXg+qOukneHVw==":"8-1-1678x690.jpg","KpICA6KgilL4VKdEK/v8KA==":"untitled-1-900x600.jpg","5+BQ4DKgMoSGLUDpi0e0Lg==":"untitled-1-900x600.jpeg","2LJQ+ZTGNogiDMdJq4zg3Q==":"72-2000x1333.jpg","rIMtXVJTWNERAeTcwMxH/g==":"72-2000x1333.jpeg","y+OQ7R3BXQFRnyNYc49PhA==":"73-2000x1333.jpeg","t6Q8Utfqw4/dywOQXfjc1g==":"nicole.tif","5dUxd0pDZqGRMKY7LwyJEw==":"nicole-2000x1333.jpg","7eUSAhg9hLg4y8nqSkLkxg==":"hans-2000x1333.jpg","qU5iqoRgQhJeFZ+edcS6sg==":"8-1678x1120.jpg","yg+UYYpNbHYrjltpha/V6g==":"rene-300x200.jpeg","9axNkwwObH3MV7Zk0XmQhg==":"rene-1-300x200.jpeg","42f0SIOqfQxSF7MnmQp5Dw==":"hans-300x200.jpeg","lI3DhG3AZf0LYGzaTXqlwA==":"robert-300x200.jpeg","uPWMZl0ozT8AgXaL+Tuq6w==":"nicole-300x200.jpeg","Dekg9VC6BO/4BOCNGp/gAA==":"sandra-300x200.jpeg","j//Tn++3f7TMauL5p6cLGQ==":"markus-300x200.jpeg","pdGXCgWfqgxn9yrIRhik2w==":"moritz-300x200.jpeg","QY0pn8CBTKDVx0NzCBB38A==":"74-2000x1333.jpeg","CQb2rsKPnf/dITnemw3etw==":"4-2000x1500.jpeg","ATPqvsEnB1OVb6pps5lDzg==":"8-2-1680x1120.jpg","GxAIplF2IUl+N7enozFrxg==":"8-1678x1120.jpeg","ecIIAQVVfB32C2TV1kydIg==":"aconcagua-4x-800x533.jpeg","PlvdT5VEy6sIKmBFWVONDw==":"untitled-2-900x600.jpeg","8GhcASwtjNEYHrrf9f5PvA==":"untitled-3-900x600.jpeg","eVUaC6zxhz5Bngy/jw22bA==":"72-1-2000x1333.jpeg","xiOOZwqMqn+bhkcysSPYIg==":"img-84.jpeg","i2SmTuqs5X/nDcZGREWX7g==":"img-85.jpeg","+AqnWMX7iKO3EEC0NYVK1A==":"stageplan-812x542-800x533.png","tNqMdzaUVws1QwHGxKxrkQ==":"back%2520small-1360x784.png","vPkvLlX+ZcuQgGM4V5imIg==":"8-3-1680x1120.jpg","tjgM6TtslKVGs3AMwUHuvQ==":"4-2000x1500.jpg","ufMezu+xte7B4aka+vNjzQ==":"8-2-1678x690.jpg","C/WAs8IelPmT7zT5Ft3Cfw==":"robert-2000x1333.jpg","WP+EfAGRVv9h1ZKLALTyfg==":"markus.tif","hi7iTngisI0GVvtfdqCg7w==":"sandra.tif","xBGU1Yqb5m5d2v6+gBQ+ZA==":"rene.tif","TZ131ceZmn1kZJEg1qlK4w==":"aconcagua-4x-1-800x533.jpeg","oEa5SSVkqaG3oJoE0fti+A==":"moritz-2000x1333.jpg","bBHyvJJ7qWz7H0yzeJZNVw==":"sandra-2000x1333.jpg","Gd/piALjWvm8HI5D5e3Frw==":"rene-2000x1333.jpg","RPSJXJ1Rn4ote8MnDEAVEQ==":"markus-2000x1333.jpg","gZgBX9dyiMsO990nJ+m0zA==":"moritz.tif","fOxFeuEkgXngj1qDWCmGbg==":"rene-2000x1333.jpeg","IVvmrxzLGQ8wScYYToxpCw==":"1-1068x1600.jpeg"}